<?xml version="1.0" encoding="UTF-8"?>

<beans xmlns="http://www.springframework.org/schema/beans"
	xmlns:mvc="http://www.springframework.org/schema/mvc"
 	xmlns:xsi="http://www.w3.org/2001/XMLSchema-instance"
 	xmlns:tx="http://www.springframework.org/schema/tx"
 	xsi:schemaLocation="http://www.springframework.org/schema/beans
  		http://www.springframework.org/schema/beans/spring-beans.xsd
  		http://www.springframework.org/schema/mvc
  		http://www.springframework.org/schema/mvc/spring-mvc.xsd
  		http://www.springframework.org/schema/tx
  		http://www.springframework.org/schema/tx/spring-tx-4.1.xsd">

	<bean id="memberDao" class="register.spring.MemberDaoImpl">
		<constructor-arg ref="sqlSessionTemplate"/>
	</bean>
	
	<bean id="memberRegSvc" class="register.spring.MemberRegisterService">
		<constructor-arg ref="memberDao"/>
	</bean>
	
	<bean id="changePwdSvc" class="register.spring.ChangePasswordService">
		<constructor-arg ref="memberDao"/>
	</bean>
	
	<bean id="authService" class="register.spring.AuthService">
		<property name="memberDao" ref="memberDao"/>
	</bean>
	
	<bean id="sqlSessionFactory" class="org.mybatis.spring.SqlSessionFactoryBean">
		<property name="dataSource" ref="dataSource"/>
		<property name="configLocation" value="classpath:config/mybatis-config.xml"/>
		<property name="mapperLocations">
			<list>
				<value>classpath:config/sqlmap-member.xml</value>
			</list>
		</property>
	</bean>
	
	<bean id="sqlSessionTemplate" class="org.mybatis.spring.SqlSessionTemplate"
		destroy-method="clearCache">
		<constructor-arg ref="sqlSessionFactory"/>	
	</bean>


</beans>
