<?xml version="1.0" encoding="UTF-8"?>

<beans xmlns="http://www.springframework.org/schema/beans"
 	xmlns:xsi="http://www.w3.org/2001/XMLSchema-instance"
 	xmlns:tx="http://www.springframework.org/schema/tx"
 	xmlns:mvc="http://www.springframework.org/schema/mvc"
 	xsi:schemaLocation="http://www.springframework.org/schema/beans
  		http://www.springframework.org/schema/beans/spring-beans.xsd
  		http://www.springframework.org/schema/tx
  		http://www.springframework.org/schema/tx/spring-tx-3.2.xsd
  		http://www.springframework.org/schema/mvc
  		http://www.springframework.org/schema/mvc/spring-mvc-4.1.xsd">

	<!-- 이메일 -->
	<bean id="mailSender" class="org.springframework.mail.javamail.JavaMailSenderImpl">
		<property name="host" value="smtp.gmail.com"/>
		<property name="port" value="587"/>
		<property name="username" value="itbank.1111@gmail.com"/>
		<property name="password" value="itbank123"/>
		<property name="javaMailProperties">
			<props>
				<prop key="mail.transport.protocol">smtp</prop>
               	<prop key="mail.smtp.auth">true</prop>
               	<prop key="mail.smtp.starttls.enable">true</prop>
               	<prop key="mail.debug">true</prop>
			</props>
		</property>
	</bean>

	<bean id="sendMail" class="register.spring.SendMail">
  		<property name="mailSender" ref="mailSender"/>
  		<property name="memberDao" ref="memberDao"/>
  	</bean>
</beans>
