<?xml version="1.0" encoding="UTF-8"?>

<beans xmlns="http://www.springframework.org/schema/beans"
 	xmlns:xsi="http://www.w3.org/2001/XMLSchema-instance"
 	xmlns:tx="http://www.springframework.org/schema/tx"
 	xmlns:mvc="http://www.springframework.org/schema/mvc"
 	xsi:schemaLocation="http://www.springframework.org/schema/beans
  		http://www.springframework.org/schema/beans/spring-beans.xsd
  		http://www.springframework.org/schema/tx
  		http://www.springframework.org/schema/tx/spring-tx-3.2.xsd
  		http://www.springframework.org/schema/mvc
  		http://www.springframework.org/schema/mvc/spring-mvc-4.1.xsd">

	<tx:annotation-driven transaction-manager="transactionManager"/>
	
	<bean id="dataSource" class="com.mchange.v2.c3p0.ComboPooledDataSource"
		destroy-method="close">
		<property name="driverClass" value="oracle.jdbc.driver.OracleDriver"/>
		<property name="jdbcUrl" value="jdbc:oracle:thin:@localhost:1521:xe"/>
		<property name="user" value="scott"/>
		<property name="password" value="tiger"/>
		<property name="maxPoolSize" value="100"/>
		<property name="maxIdleTime" value="600"/>
		<property name="idleConnectionTestPeriod" value="300"/>
	</bean>
	
	<bean id="transactionManager"
		class="org.springframework.jdbc.datasource.DataSourceTransactionManager">
		<property name="dataSource" ref="dataSource"/>	
	</bean>
	
</beans>
