<?xml version="1.0" encoding="UTF-8"?>
<!DOCTYPE mapper PUBLIC "-//mybatis.org//DTD Mapper 3.0//EN"
"http://mybatis.org/dtd/mybatis-3-mapper.dtd">

<mapper namespace="memberDao">
	
	<select id="list" resultType="member">
		select * from MEMBER order by ID
	</select>
	<select id="selectByEmail" parameterType="String" resultType="member">
		select * from MEMBER where EMAIL = #{email}
	</select>
	<select id="selectByName" parameterType="String" resultType="member">
		select * from MEMBER where NAME = #{name}
	</select>
	
	<insert id="insert" parameterType="member">
		insert into MEMBER (iD, EMAIL, PASSWORD, NAME, REGDATE)
		values (MEMBER_SEQ.nextval, #{email}, #{password}, #{name},
		#{regdate})
		<selectKey keyProperty="id" resultType="Long">
			select nvl(max(id), 0) from MEMBER
		</selectKey>
	</insert>
	
	<update id="update" parameterType="member">
		update MEMBER set NAME = #{name}, PASSWORD = #{password}
		where EMAIL = #{email}
	</update>
	
	<delete id="delete" parameterType="member">
		delete from MEMBER where EMAIL = #{email} and PASSWORD = #{password}
	</delete>
	<delete id="deleteAll">
		delete from MEMBER
	</delete>
	
	<select id="count" resultType="Integer">
		select count(*) from MEMBER
	</select>
	
	<select id="selectByRegdate" parameterType="HashMap" resultType="member">
		select * from MEMBER where REGDATE between #{from} and #{to}
		order by REGDATE desc
	</select>
	
	<select id="selectById" parameterType="Long" resultType="member">
		select * from MEMBER where ID = #{id}
	</select> 
</mapper>